algorithm,input_type,n,trial,time_ns,max_depth,operations,operation,calls
MergeSort,random,100,1,20166,4,639,key_comparisons,15
MergeSort,random,100,2,23167,4,639,key_comparisons,15
MergeSort,random,100,3,24166,4,639,key_comparisons,15
MergeSort,random,100,4,25625,4,639,key_comparisons,15
MergeSort,random,100,5,21083,4,639,key_comparisons,15
MergeSort,random,100,6,20833,4,639,key_comparisons,15
MergeSort,random,100,7,20875,4,639,key_comparisons,15
MergeSort,random,1000,1,46000,7,10225,key_comparisons,127
MergeSort,random,1000,2,45583,7,10225,key_comparisons,127
MergeSort,random,1000,3,130041,7,10225,key_comparisons,127
MergeSort,random,1000,4,45417,7,10225,key_comparisons,127
MergeSort,random,1000,5,45209,7,10225,key_comparisons,127
MergeSort,random,1000,6,45417,7,10225,key_comparisons,127
MergeSort,random,1000,7,44208,7,10225,key_comparisons,127
MergeSort,random,10000,1,1340042,11,126755,key_comparisons,2047
MergeSort,random,10000,2,952959,11,126755,key_comparisons,2047
MergeSort,random,10000,3,919750,11,126755,key_comparisons,2047
MergeSort,random,10000,4,967583,11,126755,key_comparisons,2047
MergeSort,random,10000,5,919834,11,126755,key_comparisons,2047
MergeSort,random,10000,6,979750,11,126755,key_comparisons,2047
MergeSort,random,10000,7,909625,11,126755,key_comparisons,2047
MergeSort,random,100000,1,5814375,14,1639624,key_comparisons,16383
MergeSort,random,100000,2,6327334,14,1639624,key_comparisons,16383
MergeSort,random,100000,3,6071875,14,1639624,key_comparisons,16383
MergeSort,random,100000,4,6319708,14,1639624,key_comparisons,16383
MergeSort,random,100000,5,6114416,14,1639624,key_comparisons,16383
MergeSort,random,100000,6,5901083,14,1639624,key_comparisons,16383
MergeSort,random,100000,7,6135750,14,1639624,key_comparisons,16383
MergeSort,sorted,100,1,500,4,240,key_comparisons,15
MergeSort,sorted,100,2,667,4,240,key_comparisons,15
MergeSort,sorted,100,3,625,4,240,key_comparisons,15
MergeSort,sorted,100,4,583,4,240,key_comparisons,15
MergeSort,sorted,100,5,583,4,240,key_comparisons,15
MergeSort,sorted,100,6,541,4,240,key_comparisons,15
MergeSort,sorted,100,7,584,4,240,key_comparisons,15
MergeSort,sorted,1000,1,6542,7,3916,key_comparisons,127
MergeSort,sorted,1000,2,6583,7,3916,key_comparisons,127
MergeSort,sorted,1000,3,6417,7,3916,key_comparisons,127
MergeSort,sorted,1000,4,7334,7,3916,key_comparisons,127
MergeSort,sorted,1000,5,6459,7,3916,key_comparisons,127
MergeSort,sorted,1000,6,8792,7,3916,key_comparisons,127
MergeSort,sorted,1000,7,8292,7,3916,key_comparisons,127
MergeSort,sorted,10000,1,100958,11,58704,key_comparisons,2047
MergeSort,sorted,10000,2,101209,11,58704,key_comparisons,2047
MergeSort,sorted,10000,3,103333,11,58704,key_comparisons,2047
MergeSort,sorted,10000,4,101042,11,58704,key_comparisons,2047
MergeSort,sorted,10000,5,101125,11,58704,key_comparisons,2047
MergeSort,sorted,10000,6,99792,11,58704,key_comparisons,2047
MergeSort,sorted,10000,7,101375,11,58704,key_comparisons,2047
MergeSort,sorted,100000,1,1272209,14,739600,key_comparisons,16383
MergeSort,sorted,100000,2,1276208,14,739600,key_comparisons,16383
MergeSort,sorted,100000,3,1268583,14,739600,key_comparisons,16383
MergeSort,sorted,100000,4,1355541,14,739600,key_comparisons,16383
MergeSort,sorted,100000,5,1274375,14,739600,key_comparisons,16383
MergeSort,sorted,100000,6,1253875,14,739600,key_comparisons,16383
MergeSort,sorted,100000,7,1237833,14,739600,key_comparisons,16383
MergeSort,reverse,100,1,1000,4,728,key_comparisons,15
MergeSort,reverse,100,2,1125,4,728,key_comparisons,15
MergeSort,reverse,100,3,1167,4,728,key_comparisons,15
MergeSort,reverse,100,4,1084,4,728,key_comparisons,15
MergeSort,reverse,100,5,1000,4,728,key_comparisons,15
MergeSort,reverse,100,6,1000,4,728,key_comparisons,15
MergeSort,reverse,100,7,1000,4,728,key_comparisons,15
MergeSort,reverse,1000,1,10791,7,10340,key_comparisons,127
MergeSort,reverse,1000,2,10958,7,10340,key_comparisons,127
MergeSort,reverse,1000,3,11833,7,10340,key_comparisons,127
MergeSort,reverse,1000,4,10791,7,10340,key_comparisons,127
MergeSort,reverse,1000,5,10791,7,10340,key_comparisons,127
MergeSort,reverse,1000,6,12250,7,10340,key_comparisons,127
MergeSort,reverse,1000,7,10708,7,10340,key_comparisons,127
MergeSort,reverse,10000,1,130167,11,94192,key_comparisons,2047
MergeSort,reverse,10000,2,130291,11,94192,key_comparisons,2047
MergeSort,reverse,10000,3,131916,11,94192,key_comparisons,2047
MergeSort,reverse,10000,4,130708,11,94192,key_comparisons,2047
MergeSort,reverse,10000,5,130334,11,94192,key_comparisons,2047
MergeSort,reverse,10000,6,130042,11,94192,key_comparisons,2047
MergeSort,reverse,10000,7,130250,11,94192,key_comparisons,2047
MergeSort,reverse,100000,1,1864916,14,1213232,key_comparisons,16383
MergeSort,reverse,100000,2,1854875,14,1213232,key_comparisons,16383
MergeSort,reverse,100000,3,1848625,14,1213232,key_comparisons,16383
MergeSort,reverse,100000,4,1967042,14,1213232,key_comparisons,16383
MergeSort,reverse,100000,5,2326333,14,1213232,key_comparisons,16383
MergeSort,reverse,100000,6,1891750,14,1213232,key_comparisons,16383
MergeSort,reverse,100000,7,1822000,14,1213232,key_comparisons,16383
MergeSort,duplicates,100,1,18375,4,597,key_comparisons,15
MergeSort,duplicates,100,2,19500,4,597,key_comparisons,15
MergeSort,duplicates,100,3,18333,4,597,key_comparisons,15
MergeSort,duplicates,100,4,18833,4,597,key_comparisons,15
MergeSort,duplicates,100,5,18666,4,597,key_comparisons,15
MergeSort,duplicates,100,6,18334,4,597,key_comparisons,15
MergeSort,duplicates,100,7,18708,4,597,key_comparisons,15
MergeSort,duplicates,1000,1,43500,7,9549,key_comparisons,127
MergeSort,duplicates,1000,2,42375,7,9549,key_comparisons,127
MergeSort,duplicates,1000,3,42583,7,9549,key_comparisons,127
MergeSort,duplicates,1000,4,41500,7,9549,key_comparisons,127
MergeSort,duplicates,1000,5,40958,7,9549,key_comparisons,127
MergeSort,duplicates,1000,6,42292,7,9549,key_comparisons,127
MergeSort,duplicates,1000,7,40708,7,9549,key_comparisons,127
MergeSort,duplicates,10000,1,752708,11,119684,key_comparisons,2047
MergeSort,duplicates,10000,2,1331542,11,119684,key_comparisons,2047
MergeSort,duplicates,10000,3,1324166,11,119684,key_comparisons,2047
MergeSort,duplicates,10000,4,754875,11,119684,key_comparisons,2047
MergeSort,duplicates,10000,5,635250,11,119684,key_comparisons,2047
MergeSort,duplicates,10000,6,611292,11,119684,key_comparisons,2047
MergeSort,duplicates,10000,7,597292,11,119684,key_comparisons,2047
MergeSort,duplicates,100000,1,3688125,14,1540217,key_comparisons,16383
MergeSort,duplicates,100000,2,3760542,14,1540217,key_comparisons,16383
MergeSort,duplicates,100000,3,3051375,14,1540217,key_comparisons,16383
MergeSort,duplicates,100000,4,2923542,14,1540217,key_comparisons,16383
MergeSort,duplicates,100000,5,3158292,14,1540217,key_comparisons,16383
MergeSort,duplicates,100000,6,3242250,14,1540217,key_comparisons,16383
MergeSort,duplicates,100000,7,2996208,14,1540217,key_comparisons,16383
QuickSort,random,100,1,33958,4,705,key_comparisons,22
QuickSort,random,100,2,33375,4,750,key_comparisons,21
QuickSort,random,100,3,34333,4,787,key_comparisons,19
QuickSort,random,100,4,33417,4,694,key_comparisons,24
QuickSort,random,100,5,32167,4,732,key_comparisons,19
QuickSort,random,100,6,36125,4,742,key_comparisons,18
QuickSort,random,100,7,8583,4,690,key_comparisons,19
QuickSort,random,1000,1,96583,7,12324,key_comparisons,197
QuickSort,random,1000,2,98791,6,11979,key_comparisons,200
QuickSort,random,1000,3,96709,6,11596,key_comparisons,197
QuickSort,random,1000,4,89000,6,10945,key_comparisons,197
QuickSort,random,1000,5,94084,7,12056,key_comparisons,197
QuickSort,random,1000,6,90375,6,11248,key_comparisons,208
QuickSort,random,1000,7,91542,6,11170,key_comparisons,194
QuickSort,random,10000,1,1176208,8,167359,key_comparisons,1986
QuickSort,random,10000,2,1117709,8,161130,key_comparisons,1998
QuickSort,random,10000,3,1310167,9,151855,key_comparisons,2001
QuickSort,random,10000,4,1245417,8,158927,key_comparisons,2021
QuickSort,random,10000,5,1131625,8,166467,key_comparisons,2023
QuickSort,random,10000,6,1266542,9,161828,key_comparisons,2014
QuickSort,random,10000,7,1128666,8,162174,key_comparisons,2009
QuickSort,random,100000,1,7856166,11,2207221,key_comparisons,19999
QuickSort,random,100000,2,7776542,11,1995609,key_comparisons,20004
QuickSort,random,100000,3,7875041,11,1990779,key_comparisons,20040
QuickSort,random,100000,4,7541625,11,2095828,key_comparisons,19979
QuickSort,random,100000,5,7953750,11,2076830,key_comparisons,19979
QuickSort,random,100000,6,7610833,11,1996565,key_comparisons,20013
QuickSort,random,100000,7,7609417,11,2031230,key_comparisons,20068
QuickSort,sorted,100,1,2792,4,709,key_comparisons,20
QuickSort,sorted,100,2,2750,4,658,key_comparisons,22
QuickSort,sorted,100,3,2875,4,723,key_comparisons,22
QuickSort,sorted,100,4,2875,3,713,key_comparisons,20
QuickSort,sorted,100,5,2917,4,721,key_comparisons,19
QuickSort,sorted,100,6,2667,4,680,key_comparisons,22
QuickSort,sorted,100,7,2750,4,747,key_comparisons,21
QuickSort,sorted,1000,1,45333,7,12401,key_comparisons,208
QuickSort,sorted,1000,2,31166,6,11258,key_comparisons,199
QuickSort,sorted,1000,3,31083,6,11219,key_comparisons,194
QuickSort,sorted,1000,4,30709,6,11025,key_comparisons,201
QuickSort,sorted,1000,5,33708,6,12876,key_comparisons,203
QuickSort,sorted,1000,6,30709,6,11399,key_comparisons,199
QuickSort,sorted,1000,7,29875,6,10644,key_comparisons,198
QuickSort,sorted,10000,1,363750,8,159830,key_comparisons,2004
QuickSort,sorted,10000,2,370750,8,167852,key_comparisons,1947
QuickSort,sorted,10000,3,714917,8,160185,key_comparisons,1993
QuickSort,sorted,10000,4,387583,9,160625,key_comparisons,1984
QuickSort,sorted,10000,5,405541,8,161998,key_comparisons,2013
QuickSort,sorted,10000,6,380208,8,167955,key_comparisons,1984
QuickSort,sorted,10000,7,459292,8,168736,key_comparisons,2020
QuickSort,sorted,100000,1,4175792,11,1972324,key_comparisons,19998
QuickSort,sorted,100000,2,4484833,10,2057145,key_comparisons,20012
QuickSort,sorted,100000,3,4315625,11,2088398,key_comparisons,19997
QuickSort,sorted,100000,4,4365416,11,2081576,key_comparisons,19988
QuickSort,sorted,100000,5,4759042,10,2084664,key_comparisons,19972
QuickSort,sorted,100000,6,5167583,11,2030033,key_comparisons,19976
QuickSort,sorted,100000,7,4375208,11,2078129,key_comparisons,19958
QuickSort,reverse,100,1,2667,3,707,key_comparisons,18
QuickSort,reverse,100,2,2708,4,679,key_comparisons,19
QuickSort,reverse,100,3,2666,4,727,key_comparisons,20
QuickSort,reverse,100,4,2500,4,661,key_comparisons,22
QuickSort,reverse,100,5,2667,4,676,key_comparisons,20
QuickSort,reverse,100,6,2416,4,663,key_comparisons,20
QuickSort,reverse,100,7,2667,4,771,key_comparisons,19
QuickSort,reverse,1000,1,30167,7,11125,key_comparisons,197
QuickSort,reverse,1000,2,31750,6,12459,key_comparisons,210
QuickSort,reverse,1000,3,30417,6,11162,key_comparisons,200
QuickSort,reverse,1000,4,30417,6,11109,key_comparisons,209
QuickSort,reverse,1000,5,31375,6,12246,key_comparisons,199
QuickSort,reverse,1000,6,30083,7,11554,key_comparisons,198
QuickSort,reverse,1000,7,30500,6,11528,key_comparisons,189
QuickSort,reverse,10000,1,361208,8,157571,key_comparisons,2011
QuickSort,reverse,10000,2,373500,8,170323,key_comparisons,1957
QuickSort,reverse,10000,3,376375,8,165987,key_comparisons,2007
QuickSort,reverse,10000,4,358458,9,158213,key_comparisons,1992
QuickSort,reverse,10000,5,372875,9,162961,key_comparisons,2004
QuickSort,reverse,10000,6,417084,8,169373,key_comparisons,2013
QuickSort,reverse,10000,7,423250,9,164455,key_comparisons,2014
QuickSort,reverse,100000,1,4258042,11,2015105,key_comparisons,19945
QuickSort,reverse,100000,2,4175833,11,2064837,key_comparisons,19985
QuickSort,reverse,100000,3,4383208,11,2139170,key_comparisons,19980
QuickSort,reverse,100000,4,4383209,10,2113508,key_comparisons,20040
QuickSort,reverse,100000,5,4159792,11,2047579,key_comparisons,19916
QuickSort,reverse,100000,6,4101500,11,2072116,key_comparisons,19975
QuickSort,reverse,100000,7,4110042,11,2127005,key_comparisons,20128
QuickSort,duplicates,100,1,1125,2,324,key_comparisons,3
QuickSort,duplicates,100,2,1166,2,293,key_comparisons,3
QuickSort,duplicates,100,3,1291,2,331,key_comparisons,4
QuickSort,duplicates,100,4,1292,2,280,key_comparisons,4
QuickSort,duplicates,100,5,1333,3,269,key_comparisons,4
QuickSort,duplicates,100,6,1375,2,269,key_comparisons,3
QuickSort,duplicates,100,7,1375,2,344,key_comparisons,2
QuickSort,duplicates,1000,1,9625,2,2957,key_comparisons,3
QuickSort,duplicates,1000,2,8750,2,3017,key_comparisons,3
QuickSort,duplicates,1000,3,11916,2,2980,key_comparisons,2
QuickSort,duplicates,1000,4,11125,2,3726,key_comparisons,2
QuickSort,duplicates,1000,5,8750,3,2599,key_comparisons,4
QuickSort,duplicates,1000,6,9333,3,2732,key_comparisons,4
QuickSort,duplicates,1000,7,12667,2,2952,key_comparisons,3
QuickSort,duplicates,10000,1,109792,2,29951,key_comparisons,2
QuickSort,duplicates,10000,2,190833,2,35108,key_comparisons,3
QuickSort,duplicates,10000,3,89417,2,31280,key_comparisons,3
QuickSort,duplicates,10000,4,98250,2,32520,key_comparisons,3
QuickSort,duplicates,10000,5,102334,2,27414,key_comparisons,3
QuickSort,duplicates,10000,6,85708,2,30018,key_comparisons,2
QuickSort,duplicates,10000,7,79792,2,29863,key_comparisons,2
QuickSort,duplicates,100000,1,1048000,2,274486,key_comparisons,3
QuickSort,duplicates,100000,2,1208958,2,274370,key_comparisons,3
QuickSort,duplicates,100000,3,1200791,2,337254,key_comparisons,3
QuickSort,duplicates,100000,4,937458,2,337139,key_comparisons,3
QuickSort,duplicates,100000,5,1050292,3,262517,key_comparisons,4
QuickSort,duplicates,100000,6,1059209,3,287157,key_comparisons,3
QuickSort,duplicates,100000,7,1021292,2,437709,key_comparisons,2
DeterministicSelect,random,100,1,25583,6,625,key_comparisons,15
DeterministicSelect,random,100,2,28708,6,625,key_comparisons,15
DeterministicSelect,random,100,3,25584,6,625,key_comparisons,15
DeterministicSelect,random,100,4,31125,6,625,key_comparisons,15
DeterministicSelect,random,100,5,25958,6,625,key_comparisons,15
DeterministicSelect,random,100,6,26625,6,625,key_comparisons,15
DeterministicSelect,random,100,7,25458,6,625,key_comparisons,15
DeterministicSelect,random,1000,1,29875,8,4029,key_comparisons,30
DeterministicSelect,random,1000,2,21541,8,4029,key_comparisons,30
DeterministicSelect,random,1000,3,20792,8,4029,key_comparisons,30
DeterministicSelect,random,1000,4,20250,8,4029,key_comparisons,30
DeterministicSelect,random,1000,5,20125,8,4029,key_comparisons,30
DeterministicSelect,random,1000,6,19958,8,4029,key_comparisons,30
DeterministicSelect,random,1000,7,19958,8,4029,key_comparisons,30
DeterministicSelect,random,10000,1,291375,12,81075,key_comparisons,328
DeterministicSelect,random,10000,2,657541,12,81075,key_comparisons,328
DeterministicSelect,random,10000,3,403417,12,81075,key_comparisons,328
DeterministicSelect,random,10000,4,408625,12,81075,key_comparisons,328
DeterministicSelect,random,10000,5,390708,12,81075,key_comparisons,328
DeterministicSelect,random,10000,6,361125,12,81075,key_comparisons,328
DeterministicSelect,random,10000,7,409167,12,81075,key_comparisons,328
DeterministicSelect,random,100000,1,1335709,14,418821,key_comparisons,526
DeterministicSelect,random,100000,2,1289209,14,418821,key_comparisons,526
DeterministicSelect,random,100000,3,1514875,14,418821,key_comparisons,526
DeterministicSelect,random,100000,4,1248875,14,418821,key_comparisons,526
DeterministicSelect,random,100000,5,1227000,14,418821,key_comparisons,526
DeterministicSelect,random,100000,6,1234250,14,418821,key_comparisons,526
DeterministicSelect,random,100000,7,1227042,14,418821,key_comparisons,526
DeterministicSelect,sorted,100,1,1834,6,458,key_comparisons,17
DeterministicSelect,sorted,100,2,1875,6,458,key_comparisons,17
DeterministicSelect,sorted,100,3,1875,6,458,key_comparisons,17
DeterministicSelect,sorted,100,4,1875,6,458,key_comparisons,17
DeterministicSelect,sorted,100,5,1833,6,458,key_comparisons,17
DeterministicSelect,sorted,100,6,2167,6,458,key_comparisons,17
DeterministicSelect,sorted,100,7,2166,6,458,key_comparisons,17
DeterministicSelect,sorted,1000,1,20541,8,5722,key_comparisons,78
DeterministicSelect,sorted,1000,2,43209,8,5722,key_comparisons,78
DeterministicSelect,sorted,1000,3,20458,8,5722,key_comparisons,78
DeterministicSelect,sorted,1000,4,24417,8,5722,key_comparisons,78
DeterministicSelect,sorted,1000,5,20375,8,5722,key_comparisons,78
DeterministicSelect,sorted,1000,6,27750,8,5722,key_comparisons,78
DeterministicSelect,sorted,1000,7,29500,8,5722,key_comparisons,78
DeterministicSelect,sorted,10000,1,317750,12,62891,key_comparisons,361
DeterministicSelect,sorted,10000,2,323334,12,62891,key_comparisons,361
DeterministicSelect,sorted,10000,3,516000,12,62891,key_comparisons,361
DeterministicSelect,sorted,10000,4,307042,12,62891,key_comparisons,361
DeterministicSelect,sorted,10000,5,298041,12,62891,key_comparisons,361
DeterministicSelect,sorted,10000,6,274125,12,62891,key_comparisons,361
DeterministicSelect,sorted,10000,7,256917,12,62891,key_comparisons,361
DeterministicSelect,sorted,100000,1,1027583,16,644495,key_comparisons,1295
DeterministicSelect,sorted,100000,2,1008750,16,644495,key_comparisons,1295
DeterministicSelect,sorted,100000,3,1125750,16,644495,key_comparisons,1295
DeterministicSelect,sorted,100000,4,1443750,16,644495,key_comparisons,1295
DeterministicSelect,sorted,100000,5,1256125,16,644495,key_comparisons,1295
DeterministicSelect,sorted,100000,6,1123042,16,644495,key_comparisons,1295
DeterministicSelect,sorted,100000,7,1100250,16,644495,key_comparisons,1295
DeterministicSelect,reverse,100,1,1125,5,653,key_comparisons,18
DeterministicSelect,reverse,100,2,1125,5,653,key_comparisons,18
DeterministicSelect,reverse,100,3,1125,5,653,key_comparisons,18
DeterministicSelect,reverse,100,4,1083,5,653,key_comparisons,18
DeterministicSelect,reverse,100,5,1166,5,653,key_comparisons,18
DeterministicSelect,reverse,100,6,1250,5,653,key_comparisons,18
DeterministicSelect,reverse,100,7,1292,5,653,key_comparisons,18
DeterministicSelect,reverse,1000,1,10708,9,7643,key_comparisons,72
DeterministicSelect,reverse,1000,2,10667,9,7643,key_comparisons,72
DeterministicSelect,reverse,1000,3,11083,9,7643,key_comparisons,72
DeterministicSelect,reverse,1000,4,12583,9,7643,key_comparisons,72
DeterministicSelect,reverse,1000,5,11666,9,7643,key_comparisons,72
DeterministicSelect,reverse,1000,6,10375,9,7643,key_comparisons,72
DeterministicSelect,reverse,1000,7,10375,9,7643,key_comparisons,72
DeterministicSelect,reverse,10000,1,110708,12,83321,key_comparisons,355
DeterministicSelect,reverse,10000,2,110250,12,83321,key_comparisons,355
DeterministicSelect,reverse,10000,3,112709,12,83321,key_comparisons,355
DeterministicSelect,reverse,10000,4,110583,12,83321,key_comparisons,355
DeterministicSelect,reverse,10000,5,110166,12,83321,key_comparisons,355
DeterministicSelect,reverse,10000,6,110500,12,83321,key_comparisons,355
DeterministicSelect,reverse,10000,7,110833,12,83321,key_comparisons,355
DeterministicSelect,reverse,100000,1,1213042,16,857923,key_comparisons,1675
DeterministicSelect,reverse,100000,2,1217625,16,857923,key_comparisons,1675
DeterministicSelect,reverse,100000,3,1214209,16,857923,key_comparisons,1675
DeterministicSelect,reverse,100000,4,1328417,16,857923,key_comparisons,1675
DeterministicSelect,reverse,100000,5,1548167,16,857923,key_comparisons,1675
DeterministicSelect,reverse,100000,6,1383958,16,857923,key_comparisons,1675
DeterministicSelect,reverse,100000,7,1321167,16,857923,key_comparisons,1675
DeterministicSelect,duplicates,100,1,625,4,335,key_comparisons,6
DeterministicSelect,duplicates,100,2,791,4,335,key_comparisons,6
DeterministicSelect,duplicates,100,3,667,4,335,key_comparisons,6
DeterministicSelect,duplicates,100,4,667,4,335,key_comparisons,6
DeterministicSelect,duplicates,100,5,625,4,335,key_comparisons,6
DeterministicSelect,duplicates,100,6,667,4,335,key_comparisons,6
DeterministicSelect,duplicates,100,7,625,4,335,key_comparisons,6
DeterministicSelect,duplicates,1000,1,5084,5,3054,key_comparisons,5
DeterministicSelect,duplicates,1000,2,5208,5,3054,key_comparisons,5
DeterministicSelect,duplicates,1000,3,5083,5,3054,key_comparisons,5
DeterministicSelect,duplicates,1000,4,5167,5,3054,key_comparisons,5
DeterministicSelect,duplicates,1000,5,5125,5,3054,key_comparisons,5
DeterministicSelect,duplicates,1000,6,5083,5,3054,key_comparisons,5
DeterministicSelect,duplicates,1000,7,5167,5,3054,key_comparisons,5
DeterministicSelect,duplicates,10000,1,50958,7,31227,key_comparisons,10
DeterministicSelect,duplicates,10000,2,55209,7,31227,key_comparisons,10
DeterministicSelect,duplicates,10000,3,50333,7,31227,key_comparisons,10
DeterministicSelect,duplicates,10000,4,50542,7,31227,key_comparisons,10
DeterministicSelect,duplicates,10000,5,50375,7,31227,key_comparisons,10
DeterministicSelect,duplicates,10000,6,50333,7,31227,key_comparisons,10
DeterministicSelect,duplicates,10000,7,50417,7,31227,key_comparisons,10
DeterministicSelect,duplicates,100000,1,1568167,9,498375,key_comparisons,30
DeterministicSelect,duplicates,100000,2,1673000,9,498375,key_comparisons,30
DeterministicSelect,duplicates,100000,3,1526666,9,498375,key_comparisons,30
DeterministicSelect,duplicates,100000,4,1496625,9,498375,key_comparisons,30
DeterministicSelect,duplicates,100000,5,1499000,9,498375,key_comparisons,30
DeterministicSelect,duplicates,100000,6,1681583,9,498375,key_comparisons,30
DeterministicSelect,duplicates,100000,7,1678584,9,498375,key_comparisons,30
ClosestPair,random,100,1,122417,7,136,distance_evaluations,71
ClosestPair,random,100,2,119500,7,136,distance_evaluations,71
ClosestPair,random,100,3,73125,7,136,distance_evaluations,71
ClosestPair,random,100,4,73500,7,136,distance_evaluations,71
ClosestPair,random,100,5,70375,7,136,distance_evaluations,71
ClosestPair,random,100,6,65417,7,136,distance_evaluations,71
ClosestPair,random,100,7,56792,7,136,distance_evaluations,71
ClosestPair,random,1000,1,520542,10,1149,distance_evaluations,975
ClosestPair,random,1000,2,526292,10,1149,distance_evaluations,975
ClosestPair,random,1000,3,524625,10,1149,distance_evaluations,975
ClosestPair,random,1000,4,528208,10,1149,distance_evaluations,975
ClosestPair,random,1000,5,522500,10,1149,distance_evaluations,975
ClosestPair,random,1000,6,524208,10,1149,distance_evaluations,975
ClosestPair,random,1000,7,524167,10,1149,distance_evaluations,975
ClosestPair,random,10000,1,5075500,13,13012,distance_evaluations,8191
ClosestPair,random,10000,2,5007125,13,13012,distance_evaluations,8191
ClosestPair,random,10000,3,5352166,13,13012,distance_evaluations,8191
ClosestPair,random,10000,4,5036583,13,13012,distance_evaluations,8191
ClosestPair,random,10000,5,4945416,13,13012,distance_evaluations,8191
ClosestPair,random,10000,6,4962959,13,13012,distance_evaluations,8191
ClosestPair,random,10000,7,4943958,13,13012,distance_evaluations,8191
ClosestPair,random,100000,1,38185416,17,142600,distance_evaluations,68927
ClosestPair,random,100000,2,37269250,17,142600,distance_evaluations,68927
ClosestPair,random,100000,3,38189042,17,142600,distance_evaluations,68927
ClosestPair,random,100000,4,37353333,17,142600,distance_evaluations,68927
ClosestPair,random,100000,5,36397958,17,142600,distance_evaluations,68927
ClosestPair,random,100000,6,37143916,17,142600,distance_evaluations,68927
ClosestPair,random,100000,7,36997209,17,142600,distance_evaluations,68927
ClosestPair,sorted,100,1,8500,7,131,distance_evaluations,71
ClosestPair,sorted,100,2,7708,7,131,distance_evaluations,71
ClosestPair,sorted,100,3,7250,7,131,distance_evaluations,71
ClosestPair,sorted,100,4,8709,7,131,distance_evaluations,71
ClosestPair,sorted,100,5,7166,7,131,distance_evaluations,71
ClosestPair,sorted,100,6,7166,7,131,distance_evaluations,71
ClosestPair,sorted,100,7,7292,7,131,distance_evaluations,71
ClosestPair,sorted,1000,1,65417,10,1125,distance_evaluations,975
ClosestPair,sorted,1000,2,58833,10,1125,distance_evaluations,975
ClosestPair,sorted,1000,3,69500,10,1125,distance_evaluations,975
ClosestPair,sorted,1000,4,63291,10,1125,distance_evaluations,975
ClosestPair,sorted,1000,5,66459,10,1125,distance_evaluations,975
ClosestPair,sorted,1000,6,60542,10,1125,distance_evaluations,975
ClosestPair,sorted,1000,7,302875,10,1125,distance_evaluations,975
ClosestPair,sorted,10000,1,1296875,13,13050,distance_evaluations,8191
ClosestPair,sorted,10000,2,1597750,13,13050,distance_evaluations,8191
ClosestPair,sorted,10000,3,1266375,13,13050,distance_evaluations,8191
ClosestPair,sorted,10000,4,1257917,13,13050,distance_evaluations,8191
ClosestPair,sorted,10000,5,1402583,13,13050,distance_evaluations,8191
ClosestPair,sorted,10000,6,1243084,13,13050,distance_evaluations,8191
ClosestPair,sorted,10000,7,1262583,13,13050,distance_evaluations,8191
ClosestPair,sorted,100000,1,18619500,17,142630,distance_evaluations,68927
ClosestPair,sorted,100000,2,18225459,17,142630,distance_evaluations,68927
ClosestPair,sorted,100000,3,20798291,17,142630,distance_evaluations,68927
ClosestPair,sorted,100000,4,17761750,17,142630,distance_evaluations,68927
ClosestPair,sorted,100000,5,17771875,17,142630,distance_evaluations,68927
ClosestPair,sorted,100000,6,18087417,17,142630,distance_evaluations,68927
ClosestPair,sorted,100000,7,18284875,17,142630,distance_evaluations,68927
ClosestPair,reverse,100,1,4333,7,129,distance_evaluations,71
ClosestPair,reverse,100,2,4291,7,129,distance_evaluations,71
ClosestPair,reverse,100,3,4250,7,129,distance_evaluations,71
ClosestPair,reverse,100,4,4375,7,129,distance_evaluations,71
ClosestPair,reverse,100,5,4250,7,129,distance_evaluations,71
ClosestPair,reverse,100,6,4375,7,129,distance_evaluations,71
ClosestPair,reverse,100,7,4291,7,129,distance_evaluations,71
ClosestPair,reverse,1000,1,66750,10,1130,distance_evaluations,975
ClosestPair,reverse,1000,2,61375,10,1130,distance_evaluations,975
ClosestPair,reverse,1000,3,63042,10,1130,distance_evaluations,975
ClosestPair,reverse,1000,4,61583,10,1130,distance_evaluations,975
ClosestPair,reverse,1000,5,60542,10,1130,distance_evaluations,975
ClosestPair,reverse,1000,6,62333,10,1130,distance_evaluations,975
ClosestPair,reverse,1000,7,60584,10,1130,distance_evaluations,975
ClosestPair,reverse,10000,1,1819792,13,13039,distance_evaluations,8191
ClosestPair,reverse,10000,2,1489167,13,13039,distance_evaluations,8191
ClosestPair,reverse,10000,3,1394083,13,13039,distance_evaluations,8191
ClosestPair,reverse,10000,4,1330125,13,13039,distance_evaluations,8191
ClosestPair,reverse,10000,5,2167125,13,13039,distance_evaluations,8191
ClosestPair,reverse,10000,6,1882334,13,13039,distance_evaluations,8191
ClosestPair,reverse,10000,7,1431583,13,13039,distance_evaluations,8191
ClosestPair,reverse,100000,1,41835000,17,142608,distance_evaluations,68927
ClosestPair,reverse,100000,2,42855542,17,142608,distance_evaluations,68927
ClosestPair,reverse,100000,3,25624250,17,142608,distance_evaluations,68927
ClosestPair,reverse,100000,4,21059375,17,142608,distance_evaluations,68927
ClosestPair,reverse,100000,5,18775292,17,142608,distance_evaluations,68927
ClosestPair,reverse,100000,6,20545834,17,142608,distance_evaluations,68927
ClosestPair,reverse,100000,7,22443292,17,142608,distance_evaluations,68927
ClosestPair,duplicates,100,1,367458,7,93,distance_evaluations,71
ClosestPair,duplicates,100,2,361958,7,93,distance_evaluations,71
ClosestPair,duplicates,100,3,548792,7,93,distance_evaluations,71
ClosestPair,duplicates,100,4,424250,7,93,distance_evaluations,71
ClosestPair,duplicates,100,5,330583,7,93,distance_evaluations,71
ClosestPair,duplicates,100,6,212042,7,93,distance_evaluations,71
ClosestPair,duplicates,100,7,290583,7,93,distance_evaluations,71
ClosestPair,duplicates,1000,1,300792,10,536,distance_evaluations,975
ClosestPair,duplicates,1000,2,293834,10,536,distance_evaluations,975
ClosestPair,duplicates,1000,3,286250,10,536,distance_evaluations,975
ClosestPair,duplicates,1000,4,335334,10,536,distance_evaluations,975
ClosestPair,duplicates,1000,5,299625,10,536,distance_evaluations,975
ClosestPair,duplicates,1000,6,304459,10,536,distance_evaluations,975
ClosestPair,duplicates,1000,7,293000,10,536,distance_evaluations,975
ClosestPair,duplicates,10000,1,3874708,13,7712,distance_evaluations,8191
ClosestPair,duplicates,10000,2,3289542,13,7712,distance_evaluations,8191
ClosestPair,duplicates,10000,3,2661333,13,7712,distance_evaluations,8191
ClosestPair,duplicates,10000,4,3100042,13,7712,distance_evaluations,8191
ClosestPair,duplicates,10000,5,3075458,13,7712,distance_evaluations,8191
ClosestPair,duplicates,10000,6,4662042,13,7712,distance_evaluations,8191
ClosestPair,duplicates,10000,7,2468708,13,7712,distance_evaluations,8191
ClosestPair,duplicates,100000,1,27317334,17,96608,distance_evaluations,68927
ClosestPair,duplicates,100000,2,24471750,17,96608,distance_evaluations,68927
ClosestPair,duplicates,100000,3,22039375,17,96608,distance_evaluations,68927
ClosestPair,duplicates,100000,4,22519500,17,96608,distance_evaluations,68927
ClosestPair,duplicates,100000,5,21378834,17,96608,distance_evaluations,68927
ClosestPair,duplicates,100000,6,21356833,17,96608,distance_evaluations,68927
ClosestPair,duplicates,100000,7,21612333,17,96608,distance_evaluations,68927
