algorithm,input_type,n,median_time_ns,min_time_ns,max_time_ns,max_depth,median_operations,operation,median_calls,repeats
MergeSort,random,100,21083,20166,25625,4,639,key_comparisons,15,7
MergeSort,random,1000,45417,44208,130041,7,10225,key_comparisons,127,7
MergeSort,random,10000,952959,909625,1340042,11,126755,key_comparisons,2047,7
MergeSort,random,100000,6114416,5814375,6327334,14,1639624,key_comparisons,16383,7
MergeSort,sorted,100,583,500,667,4,240,key_comparisons,15,7
MergeSort,sorted,1000,6583,6417,8792,7,3916,key_comparisons,127,7
MergeSort,sorted,10000,101125,99792,103333,11,58704,key_comparisons,2047,7
MergeSort,sorted,100000,1272209,1237833,1355541,14,739600,key_comparisons,16383,7
MergeSort,reverse,100,1000,1000,1167,4,728,key_comparisons,15,7
MergeSort,reverse,1000,10791,10708,12250,7,10340,key_comparisons,127,7
MergeSort,reverse,10000,130291,130042,131916,11,94192,key_comparisons,2047,7
MergeSort,reverse,100000,1864916,1822000,2326333,14,1213232,key_comparisons,16383,7
MergeSort,duplicates,100,18666,18333,19500,4,597,key_comparisons,15,7
MergeSort,duplicates,1000,42292,40708,43500,7,9549,key_comparisons,127,7
MergeSort,duplicates,10000,752708,597292,1331542,11,119684,key_comparisons,2047,7
MergeSort,duplicates,100000,3158292,2923542,3760542,14,1540217,key_comparisons,16383,7
QuickSort,random,100,33417,8583,36125,4,732,key_comparisons,19,7
QuickSort,random,1000,94084,89000,98791,7,11596,key_comparisons,197,7
QuickSort,random,10000,1176208,1117709,1310167,9,161828,key_comparisons,2009,7
QuickSort,random,100000,7776542,7541625,7953750,11,2031230,key_comparisons,20004,7
QuickSort,sorted,100,2792,2667,2917,4,713,key_comparisons,21,7
QuickSort,sorted,1000,31083,29875,45333,7,11258,key_comparisons,199,7
QuickSort,sorted,10000,387583,363750,714917,9,161998,key_comparisons,1993,7
QuickSort,sorted,100000,4375208,4175792,5167583,11,2078129,key_comparisons,19988,7
QuickSort,reverse,100,2667,2416,2708,4,679,key_comparisons,20,7
QuickSort,reverse,1000,30417,30083,31750,7,11528,key_comparisons,199,7
QuickSort,reverse,10000,373500,358458,423250,9,164455,key_comparisons,2007,7
QuickSort,reverse,100000,4175833,4101500,4383209,11,2072116,key_comparisons,19980,7
QuickSort,duplicates,100,1292,1125,1375,3,293,key_comparisons,3,7
QuickSort,duplicates,1000,9625,8750,12667,3,2957,key_comparisons,3,7
QuickSort,duplicates,10000,98250,79792,190833,2,30018,key_comparisons,3,7
QuickSort,duplicates,100000,1050292,937458,1208958,3,287157,key_comparisons,3,7
DeterministicSelect,random,100,25958,25458,31125,6,625,key_comparisons,15,7
DeterministicSelect,random,1000,20250,19958,29875,8,4029,key_comparisons,30,7
DeterministicSelect,random,10000,403417,291375,657541,12,81075,key_comparisons,328,7
DeterministicSelect,random,100000,1248875,1227000,1514875,14,418821,key_comparisons,526,7
DeterministicSelect,sorted,100,1875,1833,2167,6,458,key_comparisons,17,7
DeterministicSelect,sorted,1000,24417,20375,43209,8,5722,key_comparisons,78,7
DeterministicSelect,sorted,10000,307042,256917,516000,12,62891,key_comparisons,361,7
DeterministicSelect,sorted,100000,1123042,1008750,1443750,16,644495,key_comparisons,1295,7
DeterministicSelect,reverse,100,1125,1083,1292,5,653,key_comparisons,18,7
DeterministicSelect,reverse,1000,10708,10375,12583,9,7643,key_comparisons,72,7
DeterministicSelect,reverse,10000,110583,110166,112709,12,83321,key_comparisons,355,7
DeterministicSelect,reverse,100000,1321167,1213042,1548167,16,857923,key_comparisons,1675,7
DeterministicSelect,duplicates,100,667,625,791,4,335,key_comparisons,6,7
DeterministicSelect,duplicates,1000,5125,5083,5208,5,3054,key_comparisons,5,7
DeterministicSelect,duplicates,10000,50417,50333,55209,7,31227,key_comparisons,10,7
DeterministicSelect,duplicates,100000,1568167,1496625,1681583,9,498375,key_comparisons,30,7
ClosestPair,random,100,73125,56792,122417,7,136,distance_evaluations,71,7
ClosestPair,random,1000,524208,520542,528208,10,1149,distance_evaluations,975,7
ClosestPair,random,10000,5007125,4943958,5352166,13,13012,distance_evaluations,8191,7
ClosestPair,random,100000,37269250,36397958,38189042,17,142600,distance_evaluations,68927,7
ClosestPair,sorted,100,7292,7166,8709,7,131,distance_evaluations,71,7
ClosestPair,sorted,1000,65417,58833,302875,10,1125,distance_evaluations,975,7
ClosestPair,sorted,10000,1266375,1243084,1597750,13,13050,distance_evaluations,8191,7
ClosestPair,sorted,100000,18225459,17761750,20798291,17,142630,distance_evaluations,68927,7
ClosestPair,reverse,100,4291,4250,4375,7,129,distance_evaluations,71,7
ClosestPair,reverse,1000,61583,60542,66750,10,1130,distance_evaluations,975,7
ClosestPair,reverse,10000,1489167,1330125,2167125,13,13039,distance_evaluations,8191,7
ClosestPair,reverse,100000,22443292,18775292,42855542,17,142608,distance_evaluations,68927,7
ClosestPair,duplicates,100,361958,212042,548792,7,93,distance_evaluations,71,7
ClosestPair,duplicates,1000,299625,286250,335334,10,536,distance_evaluations,975,7
ClosestPair,duplicates,10000,3100042,2468708,4662042,13,7712,distance_evaluations,8191,7
ClosestPair,duplicates,100000,22039375,21356833,27317334,17,96608,distance_evaluations,68927,7
